,City,Cloudiness,Country,Date,Humidity,Lat,Lng,Max Temp,Wind Speed
0,jiancheng,40,CN,1525388400,83,30.39,104.55,69.8,62.0003
1,busselton,88,AU,1525391935,100,-33.64,115.35,60.28,334.0
2,sorland,64,NO,1525391935,96,67.67,12.69,43.27,202.0
3,stockerau,40,AT,1525391400,82,48.38,16.21,62.6,330.0
4,butaritari,88,KI,1525391935,99,3.07,172.79,84.85,77.0003
5,port lincoln,8,AU,1525391939,96,-34.72,135.86,61.63,242.5
6,den helder,0,NL,1525389900,93,52.96,4.76,48.2,180.0
7,shenjiamen,0,CN,1525391939,91,29.96,122.3,64.06,76.0003
8,kaitangata,36,NZ,1525391939,93,-46.28,169.85,56.77,77.0003
9,hobyo,44,SO,1525391940,96,5.35,48.53,77.83,212.0
10,east london,76,ZA,1525391940,100,-33.02,27.91,67.3,223.0
11,grand baie,75,MU,1525388400,73,-20.02,57.58,77.0,140.0
12,zelenoborskiy,0,RU,1525391940,75,66.84,32.36,24.19,111.0
13,teya,48,MX,1525391960,50,21.05,-89.07,87.46,85.5003
14,hermanus,0,ZA,1525391941,91,-34.42,19.24,43.36,74.0003
15,pevek,0,RU,1525391941,98,69.7,170.27,27.61,153.5
16,najran,5,SA,1525388400,30,17.54,44.22,80.6,30.0
17,nagato,20,JP,1525388400,55,34.35,131.14,60.8,260.0
18,krasnogorodsk,24,RU,1525391941,57,56.83,28.28,56.95,156.0
19,majene,0,ID,1525391942,94,-3.54,118.97,83.95,115.0
20,batemans bay,68,AU,1525391942,76,-35.71,150.18,64.33,305.0
21,sherlovaya gora,56,RU,1525391942,31,50.53,116.31,57.94,149.5
22,hobart,75,AU,1525388400,71,-42.88,147.33,57.2,340.0
23,ambilobe,20,MG,1525391942,74,-13.19,49.05,71.71,119.5
24,grand gaube,75,MU,1525388400,73,-20.01,57.66,77.0,140.0
25,port blair,100,IN,1525391943,100,11.67,92.75,81.61,30.5003
26,nakhon phanom,68,LA,1525391943,88,17.4,104.79,76.12,67.0003
27,nikolskoye,75,RU,1525388400,71,59.7,30.79,51.8,100.0
28,antalaha,92,MG,1525391943,100,-14.9,50.28,71.8,183.5
29,fairlie,40,US,1525389300,100,33.31,-95.96,75.2,180.0
30,isangel,36,VU,1525391944,100,-19.55,169.27,76.3,126.0
31,port alfred,64,ZA,1525391944,88,-33.59,26.89,65.05,229.0
32,geraldton,40,CA,1525388400,38,49.72,-86.95,59.0,220.0
33,albany,90,US,1525391460,50,42.65,-73.75,78.8,310.0
34,atherton,75,GB,1525389600,76,53.52,-2.49,51.8,220.0
35,mwene-ditu,68,CD,1525391944,73,-7.01,23.45,72.61,199.0
36,yaan,100,NG,1525391945,94,7.38,8.57,77.56,188.5
37,khatanga,24,RU,1525391945,76,71.98,102.47,7.63,50.5003
38,bambous virieux,75,MU,1525388400,73,-20.34,57.76,77.0,140.0
39,kresek,40,ID,1525388400,83,-6.13,106.38,80.6,230.0
40,leningradskiy,8,RU,1525391945,100,69.38,178.42,16.0,103.5
41,longyearbyen,40,NO,1525389600,74,78.22,15.63,37.4,110.0
42,alice springs,0,AU,1525388400,48,-23.7,133.88,60.8,130.0
43,sangerhausen,0,DE,1525389600,66,51.47,11.3,48.2,360.0
44,kaohsiung,75,TW,1525388400,69,22.62,120.31,80.6,290.0
45,dikson,20,RU,1525391946,80,73.51,80.55,6.64,19.0003
46,esperance,92,TT,1525391946,81,10.24,-61.45,79.36,90.0003
47,port moresby,40,PG,1525388400,74,-9.47,147.16,84.2,150.0
48,bluff,0,AU,1525391946,64,-23.58,149.07,75.58,311.0
49,kaeo,0,NZ,1525391946,61,-35.1,173.78,65.77,65.5003
50,saskylakh,0,RU,1525391947,83,71.97,114.09,9.61,155.5
51,svetlaya,92,RU,1525391947,100,46.54,138.33,35.08,38.0003
52,tignere,8,CM,1525391947,94,7.37,12.65,64.24,230.5
53,broome,32,GB,1525389600,81,52.47,1.45,51.8,190.0
54,port elizabeth,75,US,1525391640,39,39.31,-74.98,84.2,220.0
55,bredasdorp,0,ZA,1525391948,94,-34.53,20.04,61.54,76.5003
56,new norfolk,75,AU,1525388400,71,-42.78,147.06,57.2,340.0
57,gabrovo,0,BG,1525388400,87,42.87,25.32,53.6,145.5
58,victoria,75,BN,1525390200,94,5.28,115.24,77.0,190.0
59,hithadhoo,88,MV,1525391949,100,-0.6,73.08,84.94,266.0
60,katsuura,20,JP,1525389840,42,33.93,134.5,62.6,300.0
61,cao bang,92,VN,1525391949,99,22.67,106.25,68.83,196.0
62,karratha,0,AU,1525391949,25,-20.74,116.85,69.19,111.0
63,port hedland,0,AU,1525388400,24,-20.31,118.58,71.6,120.0
64,vardo,5,US,1525391220,38,39.62,-77.74,89.6,200.0
65,lasa,0,CY,1525390200,77,34.92,32.53,73.4,320.0
66,bida,20,NG,1525391950,95,9.08,6.02,76.66,218.0
67,arys,0,KZ,1525388400,51,42.43,68.8,59.0,90.0
68,flinders,0,AU,1525388400,52,-34.58,150.85,69.8,330.0
69,kudahuvadhoo,76,MV,1525391950,99,2.67,72.89,85.39,265.0
70,dhrangadhra,0,IN,1525391950,87,22.99,71.47,76.57,236.5
71,jalu,12,LY,1525391951,31,29.03,21.55,69.01,350.0
72,ludvika,88,SE,1525389600,100,60.15,15.18,37.4,280.0
73,saint-philippe,90,CA,1525390500,93,45.36,-73.48,62.6,20.0
74,yarada,0,IN,1525391951,99,17.65,83.27,84.67,230.0
75,mandalgovi,0,MN,1525391951,53,45.76,106.27,47.5,340.5
76,cape town,0,ZA,1525388400,87,-33.93,18.42,51.8,350.0
77,ginir,0,ET,1525391952,89,7.14,40.71,58.03,256.0
78,lata,8,IN,1525391952,100,30.78,78.62,42.28,43.5003
79,lodja,88,CD,1525391952,95,-3.52,23.6,71.62,271.0
80,jieshi,48,CN,1525391952,91,22.82,115.83,75.04,68.0003
81,chokurdakh,20,RU,1525391952,100,70.62,147.9,17.71,321.5
82,severo-kurilsk,24,RU,1525391952,95,50.68,156.12,34.54,288.0
83,teguldet,0,RU,1525391953,66,57.31,88.17,21.49,295.0
84,hohhot,36,CN,1525391953,43,40.81,111.65,51.37,187.0
85,xuddur,12,SO,1525391953,88,4.12,43.89,71.89,183.0
86,san policarpo,100,PH,1525391953,100,12.18,125.51,80.71,61.0003
87,kamenka,48,RU,1525391953,59,53.19,44.05,60.37,45.0003
88,carnarvon,0,ZA,1525391954,79,-30.97,22.13,36.34,98.5003
89,cherskiy,68,RU,1525391954,84,68.75,161.3,34.45,166.0
90,dawlatabad,0,AF,1525391954,75,36.41,64.91,50.74,43.0003
91,ambon,0,FR,1525390200,75,47.55,-2.56,46.4,10.0
92,cairns,20,AU,1525390200,65,-16.92,145.77,78.8,160.0
93,birin,0,SY,1525391954,72,35.01,36.67,55.96,54.5003
94,borogontsy,8,RU,1525391954,67,62.67,131.17,49.66,237.5
95,berdychiv,0,UA,1525391955,67,49.89,28.58,55.15,67.5003
96,qingyuan,36,CN,1525391955,85,27.62,119.06,62.26,87.0003
97,ushumun,0,RU,1525391955,31,52.78,126.54,58.66,90.5003
98,salalah,0,OM,1525391955,100,17.01,54.1,79.54,260.5
99,tadine,64,NC,1525391955,94,-21.55,167.88,77.38,114.5
100,yulara,0,AU,1525388400,45,-25.24,130.99,53.6,120.0
101,gorontalo,56,ID,1525391956,85,0.54,123.06,79.54,120.0
102,gamba,56,CN,1525391956,73,28.28,88.52,13.93,280.5
103,toktogul,32,KG,1525391956,88,41.87,72.95,31.39,44.0003
104,henties bay,12,NA,1525391956,93,-22.12,14.28,65.68,153.0
105,hovd,40,NO,1525387800,100,63.83,10.7,41.0,140.0
106,poya,8,NC,1525391957,99,-21.35,165.16,75.94,104.0
107,bayir,0,TR,1525389600,60,37.27,28.22,68.0,60.0
108,marawi,0,PH,1525391957,98,8.0,124.29,74.77,169.0
109,ambalavao,12,MG,1525391957,94,-21.83,46.94,53.53,91.5003
110,beringovskiy,20,RU,1525391957,100,63.05,179.32,27.7,349.5
111,beloha,0,MG,1525391957,86,-25.17,45.06,64.78,328.0
112,inongo,68,CD,1525391957,93,-1.93,18.29,73.87,280.5
113,bushehr,0,IR,1525387800,30,28.97,50.84,80.6,60.0
114,bukachacha,36,RU,1525391958,49,52.99,116.91,52.81,141.5
115,lahat,0,ID,1525391958,91,-3.78,103.55,74.86,229.5
116,alyangula,0,AU,1525391958,91,-13.85,136.42,84.4,110.5
117,ostrovnoy,0,RU,1525391958,73,68.05,39.51,12.67,163.0
118,dengzhou,80,CN,1525391959,61,32.69,112.08,65.59,154.0
119,shakawe,0,BW,1525391959,49,-18.36,21.84,58.03,128.0
120,chenzhou,92,CN,1525391959,93,25.81,113.03,67.12,168.0
121,luderitz,0,NA,1525391959,89,-26.65,15.16,58.48,153.0
122,ahipara,8,NZ,1525391959,77,-35.17,173.16,64.33,304.5
123,tuatapere,0,NZ,1525391959,97,-46.13,167.69,56.32,356.5
124,namatanai,24,PG,1525391959,99,-3.66,152.44,84.13,151.5
125,kodino,0,RU,1525391960,75,63.72,39.64,28.51,73.0003
126,yerbogachen,68,RU,1525391960,48,61.28,108.01,37.24,108.5
127,montepuez,0,MZ,1525391960,95,-13.13,39.0,66.31,158.0
128,talaya,20,RU,1525391960,75,55.79,84.89,26.89,62.0003
129,zyryanka,36,RU,1525391960,74,65.73,150.89,35.62,344.5
130,salym,76,RU,1525391961,60,60.06,71.48,25.27,81.5003
131,kloulklubed,90,PW,1525389780,94,7.04,134.26,80.6,20.0
132,galle,90,US,1525391580,65,29.74,-97.91,87.8,140.0
133,kilemary,0,RU,1525391961,91,56.78,46.86,45.07,317.5
134,sam roi yot,20,TH,1525388400,88,12.21,99.86,77.0,250.0
135,saldanha,8,PT,1525391961,56,41.42,-6.55,48.31,83.0003
136,otsuchi,75,JP,1525388400,87,39.38,141.88,51.8,180.0
137,ayan,0,TR,1525391962,90,40.67,33.6,45.7,87.5003
138,leeton,68,AU,1525391962,86,-34.55,146.4,56.68,279.5
139,letlhakane,0,BW,1525391962,71,-21.42,25.59,53.08,156.0
140,soavinandriana,24,MG,1525391962,94,-19.17,46.74,56.41,82.5003
141,moussoro,20,TD,1525391962,58,13.64,16.49,82.87,180.0
142,jimbolia,0,RO,1525390200,63,45.79,20.72,64.4,100.0
143,luau,68,CD,1525391963,94,-10.7,22.23,64.51,277.5
144,bargi,8,IN,1525391963,69,22.99,79.88,72.43,168.5
145,hwange,80,ZW,1525391963,48,-18.35,26.5,67.3,138.5
146,kalemie,36,CD,1525391963,97,-5.95,29.2,77.02,148.0
147,lusambo,64,CD,1525391963,99,-4.97,23.44,70.0,148.5
148,godo,20,JP,1525386600,58,35.42,136.61,59.0,270.0
149,hambantota,36,LK,1525391964,100,6.12,81.12,81.7,290.0
150,xinyu,80,CN,1525391964,78,27.8,114.93,67.66,70.5003
151,karasburg,0,NA,1525391964,47,-28.01,18.75,50.2,89.0003
152,shanghai,0,CN,1525390200,56,31.23,121.49,68.0,130.0
153,ust-nera,48,RU,1525391964,89,64.57,143.24,36.79,224.5
154,kavieng,0,PG,1525391964,100,-2.57,150.8,85.66,178.5
155,anuradhapura,0,LK,1525391965,96,8.34,80.41,73.24,145.0
156,sumenep,0,ID,1525391965,91,-7.02,113.87,83.59,128.5
157,varhaug,20,NO,1525387800,87,58.61,5.65,42.8,130.0
158,akdagmadeni,12,TR,1525391965,86,39.66,35.88,42.91,162.0
159,eyl,76,SO,1525391965,100,7.98,49.82,75.67,343.0
160,zyryanovsk,48,KZ,1525391965,79,49.74,84.27,27.88,60.5003
161,mackay,75,CA,1525388400,38,53.65,-115.58,62.6,320.0
162,silvassa,64,IN,1525391885,80,20.27,73.0,72.25,179.0
163,tongren,92,CN,1525391966,97,27.72,109.18,61.18,34.0003
164,kayerkan,64,RU,1525391966,88,69.35,87.76,11.59,191.0
165,lorengau,44,PG,1525391966,97,-2.02,147.27,84.67,179.5
166,tual,80,ID,1525391967,100,-5.67,132.75,82.51,134.5
167,peschanokopskoye,0,RU,1525391967,63,46.18,41.08,61.0,72.0003
168,gat,0,SN,1525391967,39,14.69,-16.54,76.48,354.5
169,polovinnoye,92,RU,1525391967,98,54.79,65.99,44.89,142.0
170,adrar,0,DZ,1525388400,10,27.87,-0.29,71.6,110.0
171,novaya igirma,0,RU,1525391967,48,57.14,103.93,40.93,315.0
172,epe,0,DE,1525389600,81,52.18,7.04,44.6,40.0
173,hasaki,20,JP,1525389180,37,35.73,140.83,68.0,230.0
174,vao,88,EE,1525391968,74,59.1,26.19,54.7,159.0
175,jamestown,68,AU,1525391919,96,-33.21,138.6,52.72,252.0
176,perevoz,0,RU,1525391968,74,55.6,44.54,46.87,346.5
177,tura,92,IN,1525391969,99,25.52,90.21,67.66,175.0
178,nyagan,80,RU,1525391969,79,62.14,65.43,24.91,56.0003
179,yeppoon,20,AU,1525390200,61,-23.13,150.74,78.8,140.0
180,ouesso,88,CG,1525391969,100,1.61,16.05,72.43,271.0
181,northam,20,GB,1525387800,76,51.04,-4.21,51.8,260.0
182,kautokeino,92,NO,1525391969,99,69.01,23.04,34.0,164.0
183,port macquarie,24,AU,1525388400,82,-31.43,152.91,66.2,339.0
184,mayna,56,RU,1525391970,70,53.0,91.49,34.09,226.0
185,tsabong,0,BW,1525391970,56,-26.02,22.4,51.73,172.5
186,souillac,0,FR,1525390200,71,45.6,-0.6,51.8,350.0
187,sotouboua,24,TG,1525391970,99,8.56,0.98,72.25,236.0
188,kieta,88,PG,1525391970,100,-6.22,155.63,79.72,53.5003
189,teseney,0,ER,1525391971,22,15.11,36.66,70.63,76.5003
190,kabwe,48,ZM,1525391971,76,-14.44,28.44,66.04,164.0
191,bitam,92,GA,1525391971,97,2.08,11.49,72.16,221.0
192,kruisfontein,0,ZA,1525391971,100,-34.0,24.73,60.01,53.5003
193,abu samrah,0,SY,1525391971,51,35.3,37.18,62.71,100.5
194,beyneu,0,KZ,1525391971,52,45.32,55.19,63.61,144.5
195,mahebourg,75,MU,1525388400,73,-20.41,57.7,77.0,140.0
196,namibe,0,AO,1525391972,100,-15.19,12.15,76.84,177.5
197,ipswich,0,AU,1525390200,68,-27.62,152.76,75.2,340.0
198,trapani,75,IT,1525389600,82,38.02,12.54,60.8,240.0
199,ochando,0,ES,1525391972,91,41.05,-4.44,32.29,9.00027
200,kaposvar,48,HU,1525391973,49,46.37,17.8,68.2,89.0003
201,campiglia marittima,0,IT,1525388100,82,43.06,10.62,57.2,340.0
202,deputatskiy,76,RU,1525391973,88,69.3,139.9,19.6,88.0003
203,solnechnyy,92,RU,1525391973,77,50.72,136.64,42.28,69.0003
204,ogulin,90,HR,1525390200,93,45.27,15.22,59.0,330.0
205,opuwo,0,NA,1525391973,59,-18.06,13.84,53.71,83.0003
206,alanya,92,TR,1525391974,89,36.55,32.0,69.01,46.0003
207,toamasina,75,MG,1525388400,100,-18.17,49.38,71.6,246.5
208,waingapu,0,ID,1525391974,91,-9.65,120.26,76.48,128.0
209,airai,0,TL,1525391974,89,-8.93,125.41,73.87,119.0
210,bouar,20,CF,1525391974,93,5.94,15.59,66.22,254.0
211,aykhal,24,RU,1525391974,75,65.95,111.51,25.63,147.0
212,mehamn,12,NO,1525391975,90,71.03,27.85,35.62,175.0
213,mount gambier,92,AU,1525391975,97,-37.83,140.78,52.36,268.5
214,katobu,0,ID,1525391975,96,-4.94,122.53,82.33,123.0
215,tromso,75,NO,1525387800,87,69.65,18.96,44.6,190.0
216,victoria point,20,AU,1525390200,64,-27.58,153.3,77.0,310.0
217,nerchinskiy zavod,36,RU,1525391975,43,51.31,119.61,52.18,167.0
218,mayahi,8,NE,1525391975,56,13.95,7.67,82.06,211.5
219,tiksi,88,RU,1525391976,93,71.64,128.87,13.3,27.0003
220,masvingo,64,ZW,1525391976,80,-20.08,30.83,55.42,100.5
221,hemsedal,0,NO,1525391976,89,60.86,8.55,21.31,257.5
222,praya,20,ID,1525390200,94,-8.71,116.27,73.4,102.5
223,asyut,20,EG,1525391976,38,27.18,31.19,72.43,337.5
224,sovetskiy,20,RU,1525391976,91,56.76,48.47,45.61,312.5
225,naze,92,NG,1525391977,99,5.43,7.07,73.96,131.5
226,sangar,0,RU,1525391977,80,63.92,127.47,34.63,303.0
227,ambovombe,44,MG,1525391977,97,-25.18,46.09,69.64,330.5
228,tiszadada,0,HU,1525387500,59,48.03,21.24,64.4,50.0
229,kirsanov,0,RU,1525391977,60,52.65,42.73,58.39,325.0
230,jalingo,12,NG,1525391977,74,10.21,12.82,76.93,232.0
231,virpur,32,IN,1525391978,96,21.71,74.42,73.06,267.5
232,kamyshevatskaya,0,RU,1525391978,85,46.41,37.96,64.96,125.5
233,puro,20,PH,1525391978,89,13.13,123.76,82.78,53.0003
234,baherden,0,TM,1525391978,53,38.44,57.43,59.38,111.0
235,beidao,92,CN,1525391978,79,34.57,105.89,58.48,165.0
236,belyy yar,0,RU,1525388400,69,53.6,91.39,39.2,210.0
237,kirgiz-miyaki,0,RU,1525391979,62,53.63,54.8,55.96,263.5
238,saurimo,68,AO,1525391979,64,-9.66,20.4,72.61,137.5
239,komsomolskiy,64,RU,1525391979,82,67.55,63.78,11.77,311.5
240,khor,64,RU,1525391979,66,47.88,134.96,49.21,59.5003
241,altay,0,CN,1525391979,73,47.83,88.13,16.9,45.0003
242,jiuquan,8,CN,1525391980,47,39.73,98.49,38.14,353.5
243,longhua,90,CN,1525388400,82,29.21,106.21,66.2,40.0
244,turayf,0,SA,1525388400,64,31.68,38.65,68.0,140.0
245,kyaikkami,44,MM,1525391980,96,16.08,97.57,76.75,67.5003
246,orhangazi,0,TR,1525389600,87,40.49,29.31,57.2,109.5
247,luena,44,AO,1525391980,58,-11.78,19.91,61.27,178.0
248,igrim,88,RU,1525391981,74,63.19,64.42,26.53,56.5003
249,kyren,48,RU,1525391981,67,51.68,102.13,29.41,314.0
250,seoul,0,KR,1525390200,41,37.57,126.98,59.0,280.0
251,mega,36,ET,1525391981,91,4.06,38.32,59.11,160.0
252,roald,36,NO,1525389600,61,62.58,6.12,48.2,210.0
253,katherine,8,AU,1525390200,57,-14.47,132.26,80.6,10.0
254,primorsko-akhtarsk,0,RU,1525391981,83,46.05,38.18,63.25,114.5
255,hokitika,68,NZ,1525391982,100,-42.72,170.96,55.6,53.5003
256,churu,0,IN,1525391982,70,28.3,74.97,71.26,99.5003
257,meulaboh,32,ID,1525391982,100,4.14,96.13,79.72,59.0003
258,urengoy,88,RU,1525391982,85,65.96,78.37,11.14,272.0
259,firozpur jhirka,0,IN,1525391982,86,27.79,76.95,67.75,63.0003
260,emerald,0,AU,1525391982,64,-23.53,148.16,75.13,356.5
261,townsville,20,AU,1525390200,65,-19.26,146.82,78.8,130.0
262,blyznyuky,0,UA,1525391983,63,48.86,36.56,56.86,64.0003
263,poum,0,MK,1525391983,70,41.28,20.71,54.34,113.0
264,bilibino,32,RU,1525391983,67,68.06,166.44,33.46,218.0
265,yegorlykskaya,0,RU,1525391983,72,46.56,40.65,54.16,69.0003
266,talnakh,68,RU,1525391983,95,69.49,88.39,11.32,189.5
267,nokaneng,0,BW,1525391983,56,-19.66,22.19,57.76,128.5
268,ariyalur,40,IN,1525390200,83,11.14,79.07,84.2,280.0
269,nioki,88,CD,1525391984,95,-2.72,17.69,73.15,332.5
270,matadi,12,CD,1525391984,100,-5.83,13.46,73.87,153.5
271,bundaberg,0,AU,1525391984,100,-24.87,152.35,72.79,187.5
272,taveta,56,TZ,1525391984,99,-3.4,37.68,65.68,295.5
273,karlskoga,0,SE,1525389600,93,59.33,14.52,39.2,250.0
274,port keats,56,AU,1525391984,79,-14.25,129.55,83.95,116.0
275,port augusta,0,AU,1525388400,81,-32.49,137.76,53.6,290.0
276,christchurch,32,NZ,1525388400,87,-43.53,172.64,55.4,50.0
277,dubbo,75,AU,1525390200,63,-32.25,148.6,66.2,280.0
278,kaili,44,ID,1525391985,86,-3.46,120.21,73.06,39.5003
279,petropavlovsk-kamchatskiy,0,RU,1525388400,36,53.05,158.65,46.4,330.0
280,aktau,0,KZ,1525388400,39,43.65,51.16,62.6,100.0
281,omboue,68,GA,1525391985,100,-1.57,9.26,79.81,163.5
282,katima mulilo,0,NA,1525391986,64,-17.5,24.28,57.04,162.5
283,severo-yeniseyskiy,24,RU,1525391986,61,60.37,93.04,16.09,345.5
284,lensk,44,RU,1525391986,63,60.71,114.91,35.35,68.5003
285,nadym,12,RU,1525391986,49,65.53,72.51,2.23,267.0
286,edd,64,ER,1525391986,61,13.93,41.69,76.3,193.5
287,kommunisticheskiy,92,RU,1525391987,77,61.68,64.48,29.5,70.0003
288,margate,75,AU,1525388400,71,-43.03,147.26,57.2,340.0
289,buta,68,CD,1525391987,99,2.79,24.73,70.81,20.0003
290,mojo,0,ET,1525391987,70,8.59,39.12,56.5,65.0003
291,turukhansk,64,RU,1525391987,88,65.8,87.96,10.06,221.0
292,lakes entrance,24,AU,1525391987,74,-37.88,147.99,63.61,306.0
293,daru,76,SL,1525391988,96,7.99,-10.85,75.76,228.5
294,mount isa,64,AU,1525390200,31,-20.73,139.49,77.0,170.0
295,morondava,0,MG,1525391988,85,-20.3,44.28,75.76,181.0
296,oranjemund,0,ZA,1525391988,96,-28.55,16.43,61.0,127.0
297,chake chake,80,TZ,1525391988,100,-5.25,39.77,78.91,175.5
298,goundi,8,TD,1525391988,75,9.36,17.37,75.49,196.0
299,umm lajj,0,SA,1525391989,83,25.02,37.27,76.93,175.0
300,hachinohe,8,JP,1525391989,85,40.47,141.48,54.7,173.0
301,margherita,12,IN,1525391989,91,27.29,95.67,66.13,213.5
302,sayyan,80,YE,1525391989,33,15.17,44.32,65.77,44.0003
303,sinop,44,TR,1525391989,96,42.03,35.15,58.03,98.0003
304,spoleto,56,IT,1525391989,95,42.74,12.74,48.58,141.0
305,mount darwin,64,ZW,1525391989,89,-16.77,31.58,62.8,185.0
306,brae,92,GB,1525389600,100,60.4,-1.35,46.4,200.0
307,laibin,92,CN,1525391990,100,23.74,109.23,70.45,108.0
308,litovko,92,RU,1525391990,96,49.24,135.18,40.03,59.5003
309,ambrolauri,0,GE,1525388400,93,42.52,43.15,59.0,70.0
310,biak,36,ID,1525391990,94,-0.91,122.88,80.44,205.5
311,suntar,56,RU,1525391990,67,62.16,117.65,40.03,79.5003
312,towada,75,JP,1525390200,87,40.61,141.21,48.2,230.0
313,ushtobe,0,KZ,1525391991,67,45.25,77.98,34.27,163.0
314,kavaratti,32,IN,1525391991,100,10.57,72.64,84.13,336.0
315,hun,0,BE,1525389900,70,50.34,4.87,46.4,10.0
316,awjilah,0,LY,1525391991,32,29.14,21.3,67.39,352.0
317,tessalit,0,ML,1525391991,19,20.2,1.01,64.42,273.0
318,kushima,20,JP,1525388400,48,31.5,131.29,60.8,300.0
319,ningbo,0,CN,1525388400,67,29.88,121.54,60.8,200.0
320,sungaipenuh,76,ID,1525391992,97,-2.08,101.38,66.94,117.0
321,amazar,32,RU,1525391992,46,53.86,120.88,54.43,132.0
322,magnitogorsk,75,RU,1525388400,51,53.42,58.98,59.0,210.0
323,hami,24,CN,1525391992,40,42.84,93.51,54.16,126.5
324,tete,0,MZ,1525391993,80,-16.16,33.59,71.53,130.0
325,norden,20,DE,1525389900,86,53.59,7.21,39.2,2.50027
326,krutikha,8,RU,1525391993,76,53.96,81.21,28.69,96.5003
327,takhtamygda,20,RU,1525391993,45,54.1,123.57,54.07,111.0
328,opole,92,PL,1525391745,81,50.67,17.92,61.81,340.5
329,kuusamo,75,FI,1525389600,79,65.96,29.19,32.0,70.0
330,faya,5,SA,1525388400,39,18.39,42.45,66.2,72.0003
331,anadyr,90,RU,1525388400,85,64.73,177.51,15.8,360.0
332,nemuro,92,JP,1525391994,89,43.32,145.57,41.65,218.5
333,tirat karmel,0,IL,1525391894,84,32.76,34.97,75.22,94.0003
334,wanxian,92,CN,1525391994,78,30.8,108.39,63.7,131.5
335,soyo,8,AO,1525391994,94,-6.13,12.37,78.01,250.0
336,westport,88,IE,1525391995,95,53.8,-9.52,49.75,229.0
337,rakiv lis,0,UA,1525391995,61,51.62,24.92,59.2,122.0
338,yar-sale,24,RU,1525391995,79,66.83,70.83,9.16,300.5
339,leshukonskoye,0,RU,1525391995,91,64.9,45.76,23.83,17.0003
340,windhoek,12,NA,1525391995,79,-22.57,17.08,48.94,195.0
341,walvis bay,8,NA,1525391995,97,-22.95,14.51,65.86,164.5
342,sulangan,80,PH,1525391995,100,11.14,123.72,82.78,86.5003
343,plettenberg bay,0,ZA,1525391951,100,-34.05,23.37,58.66,59.0003
344,kurtamysh,100,RU,1525391996,98,54.91,64.43,46.51,139.5
345,pulandian,0,CN,1525390200,48,39.4,121.96,64.4,250.0
346,padang,8,ID,1525391996,100,-0.92,100.36,84.31,87.5003
347,mingyue,92,CN,1525391996,71,43.11,128.91,42.19,318.5
348,portland,75,US,1525391580,34,45.52,-122.67,78.8,250.0
349,nakasongola,68,UG,1525391997,91,1.32,32.46,66.4,172.0
350,mahibadhoo,56,MV,1525391997,99,3.78,72.97,85.21,277.5
351,baculin,8,PH,1525391997,96,7.45,126.58,81.61,343.0
352,antsohihy,0,MG,1525391997,72,-14.88,47.99,72.43,116.0
353,were ilu,0,ET,1525391997,83,10.6,39.43,45.61,44.5003
354,byron bay,36,AU,1525390200,57,-28.65,153.62,77.0,290.0
355,te anau,36,NZ,1525391998,95,-45.41,167.72,50.38,341.0
356,dashitou,88,CN,1525391998,62,43.3,128.5,44.53,312.5
357,alexandria,75,US,1525390500,65,31.31,-92.44,84.2,150.0
358,kendari,24,ID,1525391998,69,-3.99,122.52,82.33,155.5
359,kiunga,64,PG,1525391998,86,-6.12,141.3,79.99,148.5
360,okhotsk,0,RU,1525391998,74,59.36,143.24,40.48,114.0
361,dourbali,36,TD,1525391999,82,11.81,15.86,76.48,194.0
362,saint-pierre,0,FR,1525390200,75,48.95,4.24,48.2,350.0
363,aswan,0,EG,1525391906,25,24.09,32.9,82.96,40.0003
364,port-gentil,90,GA,1525388400,94,-0.72,8.78,78.8,180.0
365,chhapar,0,IN,1525391999,64,27.82,74.44,73.06,142.0
366,sabratah,0,LY,1525392000,95,32.79,12.49,65.5,132.5
367,pemba,0,MZ,1525392000,100,-12.97,40.52,82.15,155.0
368,dhankuta,36,NP,1525392000,90,26.98,87.34,59.02,17.0003
369,chara,40,GR,1525387800,87,39.42,22.43,59.0,290.0
370,webuye,90,KE,1525388400,93,0.62,34.77,57.2,120.0
371,ivdel,80,RU,1525392001,75,60.7,60.42,34.99,41.0003
372,alekseyevka,0,RU,1525388400,45,53.25,50.49,64.4,300.0
373,zig,20,US,1525388100,73,40.13,-92.77,73.4,160.0
374,kutum,0,SD,1525392001,32,14.2,24.66,68.65,171.0
375,thinadhoo,48,MV,1525392002,100,0.53,72.93,84.31,268.5
376,tari,12,NG,1525392004,66,12.41,4.49,81.61,200.5
377,zhigansk,0,RU,1525392004,68,66.77,123.37,27.34,309.0
378,troitsko-pechorsk,64,RU,1525392024,79,62.71,56.19,27.88,23.5003
379,petropavlivka,0,UA,1525392025,63,48.46,36.42,56.86,64.0003
380,anshun,92,CN,1525392006,99,26.25,105.93,61.99,180.5
381,tezu,8,IN,1525392007,70,27.93,96.16,61.36,50.5003
382,mecca,0,SA,1525388400,52,21.43,39.83,87.8,323.0
383,bara,20,NG,1525392007,88,10.41,10.6,73.6,204.5
384,ulaanbaatar,20,MN,1525390200,27,47.92,106.92,50.0,280.0
385,launceston,75,AU,1525390500,87,-41.43,147.14,53.6,350.0
386,kibala,0,TD,1525388400,74,9.11,18.35,84.2,222.5
387,sola,20,NO,1525389600,87,58.89,5.65,44.6,130.0
388,kastamonu,0,TR,1525392009,90,41.38,33.78,47.5,162.5
389,donskoye,0,RU,1525388400,71,45.45,41.98,57.2,110.0
390,simav,36,TR,1525392009,72,39.09,28.98,53.08,40.5003
391,arlit,0,NE,1525392010,22,18.74,7.39,71.89,303.0
392,udachnyy,12,RU,1525392010,66,66.42,112.4,27.97,150.5
393,uray,76,RU,1525392010,67,60.13,64.8,32.83,93.0003
394,ajdabiya,0,LY,1525392010,50,30.75,20.22,57.13,18.0003
395,wajima,92,JP,1525392010,88,37.4,136.9,53.71,248.5
396,burnie,92,AU,1525392010,100,-41.05,145.91,55.51,289.5
397,cagsiay,92,PH,1525392011,100,14.22,121.75,79.63,53.0003
398,along,56,IN,1525392011,82,28.17,94.8,59.2,349.0
399,quthing,0,LS,1525392011,100,-30.4,27.7,22.21,166.5
400,inhambane,8,MZ,1525392011,100,-23.87,35.38,71.26,287.0
401,amga,24,RU,1525392011,67,60.89,131.98,51.64,71.5003
402,buraydah,75,SA,1525388400,54,26.33,43.97,80.6,60.0
403,loknya,0,RU,1525392012,70,54.21,39.24,57.4,64.0003
404,labytnangi,0,RU,1525392012,54,66.66,66.39,0.07,279.5
405,gonbad-e qabus,8,IR,1525392012,78,37.25,55.17,48.22,251.0
406,muriwai beach,20,NZ,1525390200,77,-36.82,174.45,60.8,210.0
407,labuhan,0,ID,1525392012,84,-2.54,115.51,77.92,234.0
408,richards bay,0,ZA,1525392013,90,-28.77,32.06,59.2,229.5
409,shingu,20,JP,1525388400,44,33.72,135.99,60.8,330.0
410,birnin kebbi,12,NG,1525391944,66,12.45,4.2,81.61,200.5
411,beboto,76,TD,1525392014,91,8.27,16.94,72.34,221.0
412,vite,20,ES,1525390200,81,42.89,-8.54,50.0,40.0
413,chifeng,0,CN,1525392034,39,42.27,118.96,57.31,238.5
414,barmer,0,IN,1525392016,58,25.74,71.4,77.2,244.5
415,phek,24,IN,1525392035,89,25.7,94.46,59.92,141.5
416,sumbe,0,AO,1525392036,100,-11.2,13.84,77.38,166.0
417,gordeyevka,0,RU,1525392017,69,52.96,31.97,63.79,104.5
418,aksarka,0,RU,1525392037,54,66.56,67.8,0.34,257.5
419,kamen-rybolov,68,RU,1525392018,84,44.75,132.04,42.19,7.50027
420,sezemice,20,CZ,1525392038,94,50.07,15.85,54.07,14.0003
421,kidal,0,ML,1525391872,20,18.44,1.41,68.2,321.0
422,jandayan,90,PH,1525388400,83,10.17,124.18,80.6,360.0
423,matiri,20,UG,1525392039,93,0.58,30.76,62.53,155.5
424,ulaangom,80,MN,1525392039,60,49.98,92.07,22.93,204.0
425,rameswaram,0,IN,1525392020,98,9.28,79.3,87.46,235.5
426,bumba,48,CD,1525392021,91,2.18,22.47,76.3,270.5
427,aksha,0,RU,1525392022,66,50.28,113.29,54.34,303.0
428,shambu,80,ET,1525392022,86,9.57,37.1,57.67,323.0
429,guangyuan,92,CN,1525392042,100,32.43,105.86,61.18,133.0
430,ganassi,0,PH,1525392023,98,7.83,124.1,74.77,169.0
431,gaogou,8,CN,1525392023,71,31.12,117.94,67.93,98.0003
432,kaspiyskiy,8,RU,1525392024,71,45.39,47.37,65.05,103.0
433,kandrian,80,PG,1525392043,84,-6.21,149.55,82.33,158.5
434,shebalino,0,RU,1525392044,70,51.29,85.68,16.72,181.5
435,bose,75,IT,1525389600,93,45.46,8.01,59.0,120.0
436,darhan,48,MN,1525392025,60,49.49,105.92,42.91,332.0
437,vanimo,12,PG,1525392025,100,-2.67,141.3,82.78,134.5
438,sambava,92,MG,1525392026,100,-14.27,50.17,73.33,193.5
439,hue,0,VN,1525392045,95,16.47,107.58,70.54,191.0
440,tynda,32,RU,1525392026,57,55.15,124.74,51.73,104.5
441,atambua,0,ID,1525391874,100,-9.11,124.89,79.36,149.5
442,polis,0,CY,1525390200,77,35.04,32.42,68.0,320.0
443,amanpur,36,IN,1525392026,50,27.72,78.75,80.71,108.5
444,san vicente,40,SV,1525387800,74,13.64,-88.78,86.0,220.0
445,novoagansk,20,RU,1525392028,77,61.94,76.66,16.54,144.5
446,shubarkuduk,8,KZ,1525392028,44,49.15,56.49,52.63,253.5
447,bandarbeyla,92,SO,1525392028,100,9.49,50.81,80.53,234.0
448,port said,8,EG,1525392028,22,25.34,30.55,81.7,30.0003
449,raudeberg,88,NO,1525387800,75,61.99,5.14,44.6,160.0
450,oksfjord,0,NO,1525387800,75,70.24,22.35,41.0,160.0
451,sabang,20,PH,1525392029,91,13.72,123.58,83.41,77.0003
452,gravdal,92,NO,1525389600,87,59.79,5.78,44.6,150.0
453,ibra,0,OM,1525392029,47,22.69,58.55,66.13,5.00027
454,igarka,68,RU,1525392029,91,67.47,86.57,12.58,248.0
455,dukat,8,RS,1525392030,62,42.44,22.31,55.06,151.0
456,lumphat,12,KH,1525392030,81,13.5,106.97,76.48,100.5
457,whitianga,0,NZ,1525392030,100,-36.83,175.7,63.52,132.0
458,kasongo-lunda,56,CD,1525392030,84,-6.48,16.82,72.79,306.5
459,sorong,36,ID,1525392030,100,-0.86,131.25,81.61,201.5
460,san isidro,36,PH,1525392032,80,16.74,121.63,79.54,61.0003
461,kropotkin,8,RU,1525392032,69,45.43,40.58,59.38,55.0003
462,qandala,0,SO,1525392032,96,11.47,49.87,69.64,165.5
463,aginskoye,0,RU,1525392032,53,51.11,114.54,55.06,176.0
464,saveh,64,IR,1525391913,96,35.02,50.36,53.44,261.5
465,terney,92,RU,1525392032,96,45.05,136.61,39.13,101.0
466,evensk,88,RU,1525392033,99,61.92,159.24,30.4,144.0
467,kobe,75,JP,1525388400,62,34.69,135.19,59.0,240.0
468,tabuk,0,PH,1525392033,75,17.41,121.44,75.13,60.0003
469,hellvik,92,NO,1525392033,100,59.92,5.78,35.8,124.0
470,akhmeta,0,GE,1525388400,67,42.03,45.21,60.8,10.0
471,nelson bay,75,AU,1525390200,82,-32.72,152.14,64.4,350.0
472,khani,0,GE,1525388400,93,41.96,42.96,59.0,70.0
473,meshcherino,0,RU,1525388400,62,55.2,38.36,51.8,50.0
474,mungaa,0,TZ,1525392034,80,-4.97,34.86,63.88,99.0003
475,gejiu,92,CN,1525392034,99,23.36,103.16,59.11,124.0
476,xining,92,CN,1525392034,65,36.62,101.77,47.95,137.5
477,slavonice,0,AT,1525388400,87,49.0,15.35,57.2,330.0
478,novikovo,0,UA,1525392035,93,45.05,34.56,55.06,257.0
479,dunedin,0,NZ,1525391938,82,-45.87,170.5,57.67,261.0
480,pudozh,32,RU,1525392035,81,61.81,36.54,39.13,105.0
481,jiaozuo,0,CN,1525392035,57,35.21,113.25,65.41,199.5
482,krasnyy luch,0,RU,1525392035,72,55.97,38.97,48.31,64.5003
483,palana,92,RU,1525392035,82,59.08,159.95,32.38,243.0
484,slavutych,0,UA,1525392036,70,51.52,30.76,57.76,156.0
485,quelimane,0,MZ,1525392036,93,-17.88,36.89,71.26,39.0003
486,honningsvag,32,NO,1525392036,91,70.98,25.97,37.69,172.0
487,culfa,75,AZ,1525388400,59,38.95,45.63,62.6,80.0
488,vangaindrano,8,MG,1525392036,95,-23.35,47.6,66.13,344.5
489,waitara,64,NZ,1525392036,100,-39.0,174.24,60.01,25.0003
490,smirnykh,88,RU,1525392036,61,49.74,142.83,38.14,104.0
491,longyan,92,CN,1525392037,96,25.1,117.03,66.04,93.0003
492,casteltermini,76,IT,1525392037,100,37.54,13.64,53.17,247.5
493,kalmunai,20,LK,1525392037,100,7.42,81.82,74.23,245.5
494,lovozero,0,RU,1525392037,82,68.01,35.02,24.64,141.5
495,sumbawanga,44,TZ,1525392037,93,-7.95,31.62,70.63,132.0
496,boyolangu,0,ID,1525392037,72,-8.09,111.9,71.8,177.0
497,zabol,0,IR,1525392038,54,31.03,61.49,71.26,346.5
498,bukama,12,CD,1525392038,99,-9.2,25.85,67.03,229.0
499,iskateley,76,RU,1525392038,89,67.68,53.15,21.31,319.5
500,manokwari,0,ID,1525392038,100,-0.87,134.08,82.96,98.0003
501,yangjiang,68,CN,1525392038,100,21.85,111.96,76.3,89.5003
502,kirakira,76,SB,1525392039,100,-10.46,161.92,81.88,124.0
503,crotone,90,IT,1525388100,100,39.09,17.12,41.0,270.0
504,waipawa,48,NZ,1525392039,69,-39.94,176.59,57.76,59.0003
505,palo,88,PH,1525392039,100,11.16,124.99,81.07,83.5003
506,quatre cocos,75,MU,1525388400,73,-20.21,57.76,77.0,140.0
507,togur,56,RU,1525392040,69,58.36,82.83,23.38,126.5
508,mirpur sakro,0,PK,1525388280,35,24.55,67.63,86.0,260.0
509,loa janan,0,ID,1525392040,86,-0.58,117.09,80.17,289.5
510,katangli,24,RU,1525392040,95,51.71,143.23,31.84,120.0
511,chingirlau,0,KZ,1525392040,42,51.09,54.08,58.48,235.5
512,minab,0,IR,1525388400,78,27.15,57.07,80.6,10.0
513,matay,32,EG,1525392041,44,28.42,30.79,77.47,285.0
514,pandan,92,PH,1525392041,100,11.72,122.09,79.9,67.0003
515,magole,92,TZ,1525392041,100,-6.37,37.37,66.94,253.5
516,nguruka,100,TZ,1525392041,74,-5.11,31.04,71.53,117.0
517,novobirilyussy,0,RU,1525392041,73,56.95,90.69,25.45,303.5
518,dongying,0,CN,1525392042,51,37.43,118.67,62.98,209.5
519,ghanzi,0,BW,1525392042,62,-21.7,21.65,55.33,68.5003
520,nkhotakota,92,MW,1525392042,99,-12.93,34.3,70.63,167.5
521,pyaozerskiy,8,RU,1525392042,75,65.83,31.17,27.07,116.5
522,makhinjauri,75,GE,1525388400,93,41.67,41.69,62.6,210.0
523,shenzhen,40,CN,1525390200,78,22.54,114.05,75.2,100.0
524,winneba,0,GH,1525388400,88,5.35,-0.62,78.8,300.0
525,zhezkazgan,0,KZ,1525392043,76,47.8,67.71,48.4,237.0
526,khandbari,8,NP,1525392043,79,27.38,87.21,36.88,331.0
527,warwick,75,US,1525391580,60,41.7,-71.42,82.4,140.0
528,okato,64,NZ,1525392043,100,-39.19,173.88,60.01,25.0003
529,shuangyang,68,CN,1525392043,70,25.0,118.61,67.48,39.0003
530,lianzhou,92,CN,1525392044,97,24.79,112.38,66.04,93.0003
531,ust-tsilma,0,RU,1525392044,92,65.44,52.15,20.5,5.00027
532,mocuba,68,MZ,1525392044,91,-16.84,36.99,71.89,312.5
533,kovur,0,IN,1525392044,84,14.5,79.99,78.46,169.0
534,naduvattam,12,IN,1525392044,100,11.47,76.57,67.48,11.0003
535,boende,76,CD,1525392044,98,-0.28,20.88,74.32,262.0
536,honggang,44,CN,1525392044,53,29.51,114.87,65.95,127.0
537,veraval,0,FR,1525390200,81,49.65,0.71,42.8,350.0
538,nyaunglebin,76,MM,1525392045,98,17.95,96.73,73.24,92.5003
539,mandera,48,ET,1525392045,60,3.94,41.86,82.24,187.5
540,jizan,0,SA,1525388400,48,16.89,42.56,87.8,100.0
541,wanaka,8,NZ,1525392045,67,-44.7,169.14,53.71,351.5
542,auki,20,NG,1525392046,81,12.18,6.51,77.83,199.0
